pr/Base-Base-Set	1185	MERGED
pr/Base-Team-Rocket	1186	MERGED
pr/Base-Wizards-Black-Star-Promos	1187	CLOSED
pr/Black-White-BW-Black-Star-Promos	1188	CLOSED
pr/Black-White-Legendary-Treasures	1189	CLOSED
pr/Black-White-Radiant-Collection	1190	CLOSED
pr/Call-of-Legends-Call-of-Legends	1191	MERGED
pr/Diamond-Pearl-DP-Black-Star-Promos	1192	CLOSED
pr/Diamond-Pearl-Diamond-Pearl	1193	MERGED
pr/Diamond-Pearl-Great-Encounters	1194	MERGED
pr/Diamond-Pearl-Legends-Awakened	1195	MERGED
pr/Diamond-Pearl-Majestic-Dawn	1196	MERGED
pr/Diamond-Pearl-Mysterious-Treasures	1197	MERGED
pr/Diamond-Pearl-Secret-Wonders	1198	MERGED
pr/Diamond-Pearl-Stormfront	1199	MERGED
pr/E-Card-Aquapolis	1200	MERGED
pr/E-Card-Expedition-Base-Set	1201	MERGED
pr/EX-Crystal-Guardians	1202	MERGED
pr/EX-Delta-Species	1203	MERGED
pr/EX-Deoxys	1204	MERGED
pr/EX-Dragon	1205	MERGED
pr/EX-Dragon-Frontiers	1206	MERGED
pr/EX-Emerald	1207	MERGED
pr/EX-FireRed-LeafGreen	1208	MERGED
pr/EX-Hidden-Legends	1209	MERGED
pr/EX-Holon-Phantoms	1210	MERGED
pr/EX-Legend-Maker	1211	MERGED
pr/EX-Power-Keepers	1212	MERGED
pr/EX-Ruby-Sapphire	1213	MERGED
pr/EX-Sandstorm	1214	MERGED
pr/EX-Team-Magma-vs-Team-Aqua	1215	MERGED
pr/EX-Unseen-Forces	1216	MERGED
pr/EX-Unseen-Forces-Unown-Collection	1217	MERGED
pr/HeartGold-SoulSilver-HGSS-Black-Star-Promos	1218	CLOSED
pr/HeartGold-SoulSilver-HeartGold-SoulSilver	1219	MERGED
pr/HeartGold-SoulSilver-Triumphant	1220	CLOSED
pr/HeartGold-SoulSilver-Undaunted	1221	CLOSED
pr/HeartGold-SoulSilver-Unleashed	1222	CLOSED
pr/McDonald-s-Collection-Collection-McDonald-s-2013-FR	1223	CLOSED
pr/McDonald-s-Collection-Collection-McDonald-s-2018-FR	1224	CLOSED
pr/McDonald-s-Collection-Collection-McDonald-s-2019-FR	1225	CLOSED
pr/McDonald-s-Collection-McDonald-s-Collection-2011	1226	MERGED
pr/McDonald-s-Collection-McDonald-s-Collection-2012	1227	MERGED
pr/McDonald-s-Collection-McDonald-s-Collection-2014	1228	CLOSED
pr/McDonald-s-Collection-McDonald-s-Collection-2015	1229	CLOSED
pr/McDonald-s-Collection-McDonald-s-Collection-2016	1230	CLOSED
pr/McDonald-s-Collection-McDonald-s-Collection-2017	1231	CLOSED
pr/McDonald-s-Collection-McDonald-s-Collection-2018	1232	CLOSED
pr/McDonald-s-Collection-McDonald-s-Collection-2019	1233	CLOSED
pr/McDonald-s-Collection-McDonald-s-Collection-2021	1234	CLOSED
pr/McDonald-s-Collection-McDonald-s-Collection-2022	1235	CLOSED
pr/McDonald-s-Collection-McDonald-s-Collection-2023	1236	CLOSED
pr/McDonald-s-Collection-McDonald-s-Collection-2024	1237	CLOSED
pr/McDonald-s-Collection-Promo-McDonald-s-2013	1238	CLOSED
pr/Mega-Evolution-Ascended-Heroes	1239	CLOSED
pr/Mega-Evolution-Chaos-Rising	1240	CLOSED
pr/Mega-Evolution-Eternals	1241	CLOSED
pr/Mega-Evolution-MEP-Black-Star-Promos	1242	CLOSED
pr/Mega-Evolution-Mega-Evolution	1243	CLOSED
pr/Mega-Evolution-Perfect-Order	1244	CLOSED
pr/Mega-Evolution-Phantasmal-Flames	1245	CLOSED
pr/Mega-Evolution-Radiant-Ruby-Shining-Sapphire	1246	CLOSED
pr/Neo-Neo-Destiny	1247	CLOSED
pr/Neo-Neo-Genesis	1248	CLOSED
pr/Neo-Neo-Revelation	1249	CLOSED
pr/POP-Nintendo-Black-Star-Promos	1250	CLOSED
pr/POP-POP-Series-2	1251	CLOSED
pr/POP-POP-Series-3	1252	CLOSED
pr/POP-POP-Series-4	1253	CLOSED
pr/POP-POP-Series-5	1254	CLOSED
pr/Platinum-Platinum	1255	CLOSED
pr/Platinum-Rising-Rivals	1256	CLOSED
pr/Platinum-Supreme-Victors	1257	CLOSED
pr/Pok-mon-TCG-Pocket-Genetic-Apex	1258	CLOSED
pr/Scarlet-Violet-151	1259	CLOSED
pr/Scarlet-Violet-Black-Bolt	1260	CLOSED
pr/Scarlet-Violet-Destined-Rivals	1261	CLOSED
pr/Scarlet-Violet-Journey-Together	1262	CLOSED
pr/Scarlet-Violet-Paldea-Evolved	1263	CLOSED
pr/Scarlet-Violet-Paldean-Fates	1264	CLOSED
pr/Scarlet-Violet-Paradox-Rift	1265	CLOSED
pr/Scarlet-Violet-Prismatic-Evolutions	1266	CLOSED
pr/Scarlet-Violet-SVP-Black-Star-Promos	1267	CLOSED
pr/Scarlet-Violet-Surging-Sparks	1268	CLOSED
pr/Scarlet-Violet-Temporal-Forces	1269	CLOSED
pr/Scarlet-Violet-Twilight-Masquerade	1270	CLOSED
pr/Scarlet-Violet-White-Flare	1271	CLOSED
pr/Sun-Moon-Celestial-Storm	1272	CLOSED
pr/Sun-Moon-Cosmic-Eclipse	1273	CLOSED
pr/Sun-Moon-Crimson-Invasion	1274	CLOSED
pr/Sun-Moon-Dragon-Majesty	1275	CLOSED
pr/Sun-Moon-Forbidden-Light	1276	CLOSED
pr/Sun-Moon-Hidden-Fates	1277	CLOSED
pr/Sun-Moon-Lost-Thunder	1278	CLOSED
pr/Sun-Moon-SM-Black-Star-Promos	1279	CLOSED
pr/Sun-Moon-Shining-Legends	1280	CLOSED
pr/Sun-Moon-Team-Up	1281	CLOSED
pr/Sun-Moon-Ultra-Prism	1282	CLOSED
pr/Sun-Moon-Unbroken-Bonds	1283	CLOSED
pr/Sun-Moon-Unified-Minds	1284	CLOSED
pr/Sword-Shield-Astral-Radiance	1285	CLOSED
pr/Sword-Shield-Battle-Styles	1286	CLOSED
pr/Sword-Shield-Brilliant-Stars	1287	CLOSED
pr/Sword-Shield-Celebrations	1288	CLOSED
pr/Sword-Shield-Crown-Zenith	1289	CLOSED
pr/Sword-Shield-Darkness-Ablaze	1290	CLOSED
pr/Sword-Shield-Lost-Origin	1291	CLOSED
pr/Sword-Shield-Rebel-Clash	1292	CLOSED
pr/Sword-Shield-SWSH-Black-Star-Promos	1293	CLOSED
pr/Sword-Shield-Shining-Fates	1294	CLOSED
pr/Sword-Shield-Silver-Tempest	1295	CLOSED
pr/Sword-Shield-Sword-Shield	1296	CLOSED
pr/Sword-Shield-Vivid-Voltage	1297	CLOSED
pr/Trainer-kits-BW-trainer-Kit-Excadrill	1298	CLOSED
pr/Trainer-kits-DP-trainer-Kit-Lucario	1299	CLOSED
pr/Trainer-kits-EX-trainer-Kit-2-Minun	1300	CLOSED
pr/Trainer-kits-EX-trainer-Kit-2-Plusle	1301	CLOSED
pr/Trainer-kits-SM-trainer-Kit-Alolan-Raichu	1302	CLOSED
pr/Trainer-kits-SM-trainer-Kit-Lycanroc	1303	CLOSED
pr/Trainer-kits-XY-trainer-Kit-Bisharp	1304	CLOSED
pr/Trainer-kits-XY-trainer-Kit-Latias	1305	CLOSED
pr/Trainer-kits-XY-trainer-Kit-Latios	1306	CLOSED
pr/Trainer-kits-XY-trainer-Kit-Noivern	1307	CLOSED
pr/Trainer-kits-XY-trainer-Kit-Pikachu-Libre	1308	CLOSED
pr/Trainer-kits-XY-trainer-Kit-Suicune	1309	CLOSED
pr/Trainer-kits-XY-trainer-Kit-Sylveon	1310	CLOSED
pr/Trainer-kits-XY-trainer-Kit-Wigglytuff	1311	CLOSED
pr/XY-Ancient-Origins	1312	CLOSED
pr/XY-BREAKpoint	1313	CLOSED
pr/XY-BREAKthrough	1314	CLOSED
pr/XY-Double-Crisis	1315	CLOSED
pr/XY-Fates-Collide	1316	CLOSED
pr/XY-Furious-Fists	1322	CLOSED
pr/XY-Generations	1317	CLOSED
pr/XY-Primal-Clash	1318	CLOSED
pr/XY-Roaring-Skies	1319	CLOSED
pr/XY-Steam-Siege	1320	CLOSED
pr/XY-XY-Black-Star-Promos	1321	CLOSED
pr/ascended-heroes-dexid	1109	MERGED
