branch_name	release_date	serie_folder	set_folder	card_count	priority_tier	priority_score	localized_additions	net_insertions	excluded_reason
pr/Scarlet-Violet-SVP-Black-Star-Promos	2023-03-31	Scarlet & Violet	SVP Black Star Promos	226	1	549	35	129	
pr/Sword-Shield-Celebrations	2021-10-08	Sword & Shield	Celebrations	18	1	670	70	92	
pr/Sun-Moon-Cosmic-Eclipse	2019-11-01	Sun & Moon	Cosmic Eclipse	22	1	378	44	4	
pr/Sun-Moon-Team-Up	2019-01-31	Sun & Moon	Team Up	19	1	323	38	0	
pr/Trainer-kits-XY-trainer-Kit-Latios	2015-04-29	Trainer kits	XY trainer Kit (Latios)	14	1	598	36	296	
pr/Trainer-kits-XY-trainer-Kit-Latias	2015-04-29	Trainer kits	XY trainer Kit (Latias)	11	1	474	33	199	
pr/Trainer-kits-XY-trainer-Kit-Bisharp	2014-11-01	Trainer kits	XY trainer Kit (Bisharp)	15	1	567	33	288	
pr/EX-Power-Keepers	2007-02-17	EX	Power Keepers	15	1	298	34	11	
pr/EX-Dragon-Frontiers	2006-11-08	EX	Dragon Frontiers	15	1	286	32	15	
pr/E-Card-Aquapolis	2003-01-15	E-Card	Aquapolis	23	1	514	58	27	
pr/Scarlet-Violet-Destined-Rivals	2025-05-30	Scarlet & Violet	Destined Rivals	5	2	85	10	0	
pr/Scarlet-Violet-Prismatic-Evolutions	2025-01-17	Scarlet & Violet	Prismatic Evolutions	11	2	187	22	0	
pr/Scarlet-Violet-Surging-Sparks	2024-11-08	Scarlet & Violet	Surging Sparks	4	2	68	8	0	
pr/Scarlet-Violet-Twilight-Masquerade	2024-05-24	Scarlet & Violet	Twilight Masquerade	5	2	85	10	0	
pr/Scarlet-Violet-Paradox-Rift	2023-11-03	Scarlet & Violet	Paradox Rift	4	2	68	8	0	
pr/Sword-Shield-Battle-Styles	2021-03-19	Sword & Shield	Battle Styles	10	2	170	20	0	
pr/Sword-Shield-Vivid-Voltage	2020-11-13	Sword & Shield	Vivid Voltage	7	2	119	14	0	
pr/Sword-Shield-Darkness-Ablaze	2020-08-14	Sword & Shield	Darkness Ablaze	5	2	85	10	0	
pr/Sword-Shield-Rebel-Clash	2020-05-01	Sword & Shield	Rebel Clash	9	2	153	18	0	
pr/Sword-Shield-Sword-Shield	2020-02-07	Sword & Shield	Sword & Shield	5	2	85	10	0	
pr/Sword-Shield-SWSH-Black-Star-Promos	2019-11-15	Sword & Shield	SWSH Black Star Promos	287	2	548	28	204	
pr/Sun-Moon-Unified-Minds	2019-08-02	Sun & Moon	Unified Minds	7	2	153	14	34	
pr/Sun-Moon-Unbroken-Bonds	2019-05-03	Sun & Moon	Unbroken Bonds	11	2	187	22	0	
pr/Sun-Moon-Lost-Thunder	2018-11-02	Sun & Moon	Lost Thunder	12	2	204	24	0	
pr/Sun-Moon-Dragon-Majesty	2018-09-07	Sun & Moon	Dragon Majesty	7	2	119	14	0	
pr/Sun-Moon-Forbidden-Light	2018-05-04	Sun & Moon	Forbidden Light	9	2	153	18	0	
pr/Sun-Moon-Ultra-Prism	2018-02-02	Sun & Moon	Ultra Prism	5	2	85	10	0	
pr/Sun-Moon-Crimson-Invasion	2017-11-03	Sun & Moon	Crimson Invasion	4	2	68	8	0	
pr/Trainer-kits-SM-trainer-Kit-Lycanroc	2017-04-21	Trainer kits	SM trainer Kit (Lycanroc)	10	2	442	26	224	
pr/Trainer-kits-SM-trainer-Kit-Alolan-Raichu	2017-04-21	Trainer kits	SM trainer Kit (Alolan Raichu)	6	2	285	17	143	
pr/Trainer-kits-XY-trainer-Kit-Pikachu-Libre	2016-04-27	Trainer kits	XY trainer Kit (Pikachu Libre)	10	2	392	22	206	
pr/Trainer-kits-XY-trainer-Kit-Suicune	2016-04-27	Trainer kits	XY trainer Kit (Suicune)	11	2	375	22	188	
pr/XY-BREAKpoint	2016-02-03	XY	BREAKpoint	4	2	68	8	0	
pr/XY-BREAKthrough	2015-11-04	XY	BREAKthrough	4	2	68	8	0	
pr/XY-Double-Crisis	2015-03-25	XY	Double Crisis	4	2	92	10	8	
pr/XY-Primal-Clash	2015-02-04	XY	Primal Clash	8	2	136	16	0	
pr/Trainer-kits-XY-trainer-Kit-Wigglytuff	2014-11-01	Trainer kits	XY trainer Kit (Wigglytuff)	13	2	451	27	222	
pr/Trainer-kits-XY-trainer-Kit-Sylveon	2014-03-12	Trainer kits	XY trainer Kit (Sylveon)	10	2	380	22	194	
pr/Trainer-kits-XY-trainer-Kit-Noivern	2014-03-12	Trainer kits	XY trainer Kit (Noivern)	6	2	145	9	67	
pr/Trainer-kits-BW-trainer-Kit-Excadrill	2011-09-01	Trainer kits	BW trainer Kit (Excadrill)	7	2	181	16	46	
pr/Call-of-Legends-Call-of-Legends	2011-02-09	Call of Legends	Call of Legends	9	2	162	18	9	
pr/HeartGold-SoulSilver-Triumphant	2010-11-03	HeartGold & SoulSilver	Triumphant	4	2	169	16	37	
pr/HeartGold-SoulSilver-Undaunted	2010-08-18	HeartGold & SoulSilver	Undaunted	4	2	106	9	30	
pr/HeartGold-SoulSilver-Unleashed	2010-05-12	HeartGold & SoulSilver	Unleashed	6	2	255	24	57	
pr/HeartGold-SoulSilver-HGSS-Black-Star-Promos	2010-02-11	HeartGold & SoulSilver	HGSS Black Star Promos	27	2	187	0	120	
pr/HeartGold-SoulSilver-HeartGold-SoulSilver	2010-02-10	HeartGold & SoulSilver	HeartGold SoulSilver	2	2	133	12	35	
pr/Platinum-Supreme-Victors	2009-08-19	Platinum	Supreme Victors	5	2	85	10	0	
pr/Platinum-Rising-Rivals	2009-05-16	Platinum	Rising Rivals	11	2	209	24	6	
pr/Platinum-Platinum	2009-02-11	Platinum	Platinum	5	2	123	14	6	
pr/Diamond-Pearl-Stormfront	2008-11-01	Diamond & Pearl	Stormfront	3	2	76	8	9	
pr/Diamond-Pearl-Legends-Awakened	2008-08-01	Diamond & Pearl	Legends Awakened	8	2	212	24	12	
pr/Diamond-Pearl-Majestic-Dawn	2008-05-01	Diamond & Pearl	Majestic Dawn	5	2	178	20	13	
pr/Trainer-kits-DP-trainer-Kit-Lucario	2007-09-01	Trainer kits	DP trainer Kit (Lucario)	5	2	155	15	30	
pr/Diamond-Pearl-Mysterious-Treasures	2007-08-01	Diamond & Pearl	Mysterious Treasures	10	2	211	24	9	
pr/EX-Crystal-Guardians	2006-08-30	EX	Crystal Guardians	6	2	127	14	9	
pr/EX-Holon-Phantoms	2006-05-03	EX	Holon Phantoms	11	2	230	26	11	
pr/EX-Legend-Maker	2006-02-13	EX	Legend Maker	10	2	210	24	8	
pr/EX-Delta-Species	2005-10-31	EX	Delta Species	12	2	209	24	5	
pr/EX-Unseen-Forces	2005-08-22	EX	Unseen Forces	7	2	124	14	5	
pr/EX-Emerald	2005-05-09	EX	Emerald	9	2	156	18	3	
pr/EX-Deoxys	2005-02-01	EX	Deoxys	7	2	122	14	3	
pr/EX-FireRed-LeafGreen	2004-09-01	EX	FireRed & LeafGreen	6	2	103	12	1	
pr/EX-Hidden-Legends	2004-06-01	EX	Hidden Legends	8	2	197	22	13	
pr/EX-Team-Magma-vs-Team-Aqua	2004-03-01	EX	Team Magma vs Team Aqua	10	2	172	20	2	
pr/EX-Dragon	2003-11-24	EX	Dragon	4	2	68	8	0	
pr/EX-Sandstorm	2003-09-18	EX	Sandstorm	5	2	124	14	7	
pr/EX-Ruby-Sapphire	2003-07-01	EX	Ruby & Sapphire	5	2	88	10	3	
pr/E-Card-Expedition-Base-Set	2002-09-15	E-Card	Expedition Base Set	9	2	175	20	6	
pr/Neo-Neo-Destiny	2002-02-28	Neo	Neo Destiny	5	2	86	10	1	
pr/Neo-Neo-Genesis	2000-12-16	Neo	Neo Genesis	4	2	71	8	3	
pr/Base-Team-Rocket	2000-04-24	Base	Team Rocket	4	2	72	8	4	
pr/Mega-Evolution-Ascended-Heroes	2026-01-30	Mega Evolution	Ascended Heroes	243	3	606	0	486	
pr/Mega-Evolution-Mega-Evolution	2025-09-26	Mega Evolution	Mega Evolution	3	3	51	6	0	
pr/Scarlet-Violet-151	2023-09-22	Scarlet & Violet	151	3	3	51	6	0	
pr/Scarlet-Violet-Paldea-Evolved	2023-06-09	Scarlet & Violet	Paldea Evolved	3	3	51	6	0	
pr/Sun-Moon-Celestial-Storm	2018-08-03	Sun & Moon	Celestial Storm	3	3	51	6	0	
pr/Sun-Moon-SM-Black-Star-Promos	2017-02-03	Sun & Moon	SM Black Star Promos	244	3	156	0	36	
pr/XY-Ancient-Origins	2015-08-12	XY	Ancient Origins	3	3	51	6	0	
pr/XY-XY-Black-Star-Promos	2013-10-12	XY	XY Black Star Promos	216	3	153	2	17	
pr/Black-White-BW-Black-Star-Promos	2011-04-26	Black & White	BW Black Star Promos	101	3	101	0	0	
pr/Diamond-Pearl-DP-Black-Star-Promos	2007-05-01	Diamond & Pearl	DP Black Star Promos	56	3	113	6	9	
pr/EX-Unseen-Forces-Unown-Collection	2005-08-22	EX	Unseen Forces Unown Collection	1	3	45	5	4	
pr/POP-Nintendo-Black-Star-Promos	2003-10-01	POP	Nintendo Black Star Promos	40	3	90	3	26	
pr/Base-Wizards-Black-Star-Promos	1999-07-01	Base	Wizards Black Star Promos	53	3	53	0	0	
pr/Mega-Evolution-Eternals	2026-10-16	Mega Evolution	Eternals	0	4	-500	2	21	
pr/Mega-Evolution-Radiant-Ruby-Shining-Sapphire	2026-08-07	Mega Evolution	Radiant Ruby & Shining Sapphire	0	4	-500	2	21	
pr/Mega-Evolution-Chaos-Rising	2026-06-19	Mega Evolution	Chaos Rising	0	4	-500	2	21	
pr/Mega-Evolution-Perfect-Order	2026-04-11	Mega Evolution	Perfect Order	0	4	-500	2	21	
pr/Scarlet-Violet-Black-Bolt	2025-07-17	Scarlet & Violet	Black Bolt	2	4	-500	4	0	
pr/Scarlet-Violet-White-Flare	2025-07-17	Scarlet & Violet	White Flare	2	4	-500	4	0	
pr/Scarlet-Violet-Journey-Together	2025-03-28	Scarlet & Violet	Journey Together	2	4	-500	4	0	
pr/Scarlet-Violet-Temporal-Forces	2024-03-22	Scarlet & Violet	Temporal Forces	1	4	-500	2	0	
pr/Scarlet-Violet-Paldean-Fates	2024-01-26	Scarlet & Violet	Paldean Fates	1	4	-500	2	0	
pr/Sword-Shield-Crown-Zenith	2023-01-20	Sword & Shield	Crown Zenith	0	4	-500	0	11	
pr/Sword-Shield-Silver-Tempest	2022-11-11	Sword & Shield	Silver Tempest	0	4	-500	0	11	
pr/Sword-Shield-Lost-Origin	2022-09-09	Sword & Shield	Lost Origin	0	4	-500	0	11	
pr/Sword-Shield-Astral-Radiance	2022-05-27	Sword & Shield	Astral Radiance	0	4	-500	0	11	
pr/Sword-Shield-Brilliant-Stars	2022-02-25	Sword & Shield	Brilliant Stars	0	4	-500	0	11	
pr/Sword-Shield-Shining-Fates	2021-02-19	Sword & Shield	Shining Fates	0	4	-500	0	11	
pr/Sun-Moon-Hidden-Fates	2019-08-23	Sun & Moon	Hidden Fates	3	4	-500	3	0	
pr/Sun-Moon-Shining-Legends	2017-10-06	Sun & Moon	Shining Legends	1	4	-500	2	0	
pr/XY-Steam-Siege	2016-08-03	XY	Steam Siege	1	4	-500	2	0	
pr/XY-Fates-Collide	2016-05-02	XY	Fates Collide	2	4	-500	4	0	
pr/XY-Generations	2016-02-22	XY	Generations	0	4	-500	1	12	
pr/XY-Roaring-Skies	2015-05-06	XY	Roaring Skies	2	4	-500	4	0	
pr/XY-Furious-Fists	2014-08-13	XY	Furious Fists	2	4	-500	4	0	
pr/Black-White-Legendary-Treasures	2013-11-06	Black & White	Legendary Treasures	0	4	-500	1	12	
pr/McDonald-s-Collection-Promo-McDonald-s-2013	2013-11-01	McDonald's Collection	Promo McDonald's 2013	1	4	-500	0	0	
pr/Diamond-Pearl-Great-Encounters	2008-02-01	Diamond & Pearl	Great Encounters	2	4	-500	4	0	
pr/Diamond-Pearl-Secret-Wonders	2007-11-01	Diamond & Pearl	Secret Wonders	1	4	-500	2	0	
pr/Diamond-Pearl-Diamond-Pearl	2007-05-01	Diamond & Pearl	Diamond & Pearl	1	4	-500	2	0	
pr/POP-POP-Series-5	2007-03-01	POP	POP Series 5	0	4	-500	1	1	
pr/POP-POP-Series-4	2006-08-01	POP	POP Series 4	1	4	-500	1	0	
pr/POP-POP-Series-3	2006-04-01	POP	POP Series 3	2	4	-500	2	0	
pr/Trainer-kits-EX-trainer-Kit-2-Minun	2006-03-01	Trainer kits	EX trainer Kit 2 (Minun)	1	4	-500	1	0	
pr/Trainer-kits-EX-trainer-Kit-2-Plusle	2006-03-01	Trainer kits	EX trainer Kit 2 (Plusle)	1	4	-500	1	0	
pr/POP-POP-Series-2	2005-08-01	POP	POP Series 2	3	4	-500	3	0	
pr/Neo-Neo-Revelation	2001-09-21	Neo	Neo Revelation	2	4	-500	4	0	
pr/Base-Base-Set	1999-01-09	Base	Base Set	4	4	-500	4	1	
pr/Black-White-Radiant-Collection		Black & White	Radiant Collection	0	4	-500	0	-21	
pr/Pok-mon-TCG-Pocket-Genetic-Apex	2024-10-30	Pokémon TCG Pocket	Genetic Apex	106	3	4648	518	518	
pr/Mega-Evolution-MEP-Black-Star-Promos	2025-09-26	Mega Evolution	MEP Black Star Promos	49	1	7581	574	2160	fails validate (rarity "Black Star Promo" not allowed by interfaces.d.ts)
pr/McDonald-s-Collection-McDonald-s-Collection-2024	2024-12-04	McDonald's Collection	McDonald's Collection 2024	15	1	4205	326	1262	skip McDonald's sets (already pending PR)
pr/McDonald-s-Collection-McDonald-s-Collection-2023	2023-08-01	McDonald's Collection	McDonald's Collection 2023	15	1	3927	296	1224	skip McDonald's sets (already pending PR)
pr/McDonald-s-Collection-McDonald-s-Collection-2022	2022-08-03	McDonald's Collection	McDonald's Collection 2022	15	1	3716	276	1173	skip McDonald's sets (already pending PR)
pr/McDonald-s-Collection-McDonald-s-Collection-2021	2021-02-09	McDonald's Collection	McDonald's Collection 2021	25	1	2984	80	1799	skip McDonald's sets (already pending PR)
pr/McDonald-s-Collection-Collection-McDonald-s-2019	2019-10-30	McDonald's Collection	Collection McDonald's 2019	40	1	3973	152	1897	skip McDonald's sets (already pending PR)
pr/McDonald-s-Collection-McDonald-s-Collection-2019	2019-10-15	McDonald's Collection	McDonald's Collection 2019	12	1	935	3	639	skip McDonald's sets (already pending PR)
pr/McDonald-s-Collection-McDonald-s-Collection-2018	2018-10-19	McDonald's Collection	McDonald's Collection 2018	12	1	677	2	389	skip McDonald's sets (already pending PR)
pr/McDonald-s-Collection-Collection-McDonald-s-2018	2018-06-13	McDonald's Collection	Collection McDonald's 2018	40	1	3874	146	1846	skip McDonald's sets (already pending PR)
pr/McDonald-s-Collection-McDonald-s-Collection-2017	2017-08-03	McDonald's Collection	McDonald's Collection 2017	12	1	1228	42	620	skip McDonald's sets (already pending PR)
pr/McDonald-s-Collection-McDonald-s-Collection-2016	2016-08-20	McDonald's Collection	McDonald's Collection 2016	12	1	1208	43	592	skip McDonald's sets (already pending PR)
pr/McDonald-s-Collection-McDonald-s-Collection-2015	2015-11-27	McDonald's Collection	McDonald's Collection 2015	12	1	1225	42	617	skip McDonald's sets (already pending PR)
pr/McDonald-s-Collection-McDonald-s-Collection-2014	2014-05-23	McDonald's Collection	McDonald's Collection 2014	12	1	1387	39	803	skip McDonald's sets (already pending PR)
pr/McDonald-s-Collection-Collection-McDonald-s-2013	2013-11-01	McDonald's Collection	Collection McDonald's 2013	12	1	1354	54	650	skip McDonald's sets (already pending PR)
pr/McDonald-s-Collection-McDonald-s-Collection-2012	2012-06-15	McDonald's Collection	McDonald's Collection 2012	12	1	1375	50	703	skip McDonald's sets (already pending PR)
pr/McDonald-s-Collection-McDonald-s-Collection-2011	2011-06-17	McDonald's Collection	McDonald's Collection 2011	12	1	1335	47	687	skip McDonald's sets (already pending PR)
pr/Mega-Evolution-Phantasmal-Flames	2025-11-14	Mega Evolution	Phantasmal Flames	3	3	51	6	0	closed low-value first PR (cosmetic/truncated text scope)
